{
  "version": 1,
  "author": "Anonymous maker",
  "editor": "wokwi",
  "parts": [
    {
      "type": "wokwi-breadboard-mini",
      "id": "bb1",
      "top": 26,
      "left": 298.8,
      "rotate": 180,
      "attrs": {}
    },
    { "type": "wokwi-arduino-uno", "id": "uno", "top": 0, "left": 0, "attrs": {} },
    { "type": "wokwi-dht22", "id": "dht1", "top": -76.5, "left": 417, "attrs": {} },
    {
      "type": "wokwi-resistor",
      "id": "r1",
      "top": 109.55,
      "left": 403.2,
      "attrs": { "value": "1000" }
    }
  ],
  "connections": [
    [ "dht1:VCC", "bb1:4b.j", "", [ "$bb" ] ],
    [ "dht1:SDA", "bb1:3b.j", "", [ "$bb" ] ],
    [ "dht1:NC", "bb1:2b.j", "", [ "$bb" ] ],
    [ "dht1:GND", "bb1:1b.j", "", [ "$bb" ] ],
    [ "r1:1", "bb1:7t.d", "", [ "$bb" ] ],
    [ "r1:2", "bb1:1t.d", "", [ "$bb" ] ],
    [ "bb1:7t.e", "bb1:4b.i", "green", [ "v0" ] ],
    [ "bb1:1t.e", "bb1:3b.f", "green", [ "v-19.2", "h-19.2" ] ],
    [ "bb1:4b.f", "uno:5V", "green", [ "v134.4", "h-268.8" ] ],
    [ "bb1:1b.i", "uno:GND.2", "green", [ "v0", "h19.2", "v172.8", "h-307.2" ] ],
    [ "bb1:3b.g", "uno:3", "green", [ "v0", "h-163.2", "v-76.8", "h-48" ] ]
  ],
  "dependencies": {}
}