{
  "version": 1,
  "author": "Anonymous maker",
  "editor": "wokwi",
  "parts": [
    { "type": "wokwi-breadboard-half", "id": "bb1", "top": -3, "left": 310, "attrs": {} },
    { "type": "wokwi-arduino-uno", "id": "uno", "top": 0, "left": 0, "attrs": {} },
    { "type": "wokwi-led", "id": "led1", "top": 6, "left": 320.6, "attrs": { "color": "red" } },
    { "type": "wokwi-led", "id": "led2", "top": 6, "left": 359, "attrs": { "color": "red" } },
    { "type": "wokwi-led", "id": "led3", "top": 6, "left": 397.4, "attrs": { "color": "red" } },
    { "type": "wokwi-led", "id": "led5", "top": 6, "left": 435.8, "attrs": { "color": "red" } },
    {
      "type": "wokwi-resistor",
      "id": "r1",
      "top": 81.6,
      "left": 306.65,
      "rotate": 90,
      "attrs": { "value": "200000" }
    },
    {
      "type": "wokwi-resistor",
      "id": "r2",
      "top": 81.6,
      "left": 345.05,
      "rotate": 90,
      "attrs": { "value": "200000" }
    },
    {
      "type": "wokwi-resistor",
      "id": "r3",
      "top": 81.6,
      "left": 383.45,
      "rotate": 90,
      "attrs": { "value": "200000" }
    },
    {
      "type": "wokwi-resistor",
      "id": "r5",
      "top": 81.6,
      "left": 421.85,
      "rotate": 90,
      "attrs": { "value": "200000" }
    }
  ],
  "connections": [
    [ "led1:A", "bb1:2t.a", "", [ "$bb" ] ],
    [ "led1:C", "bb1:1t.a", "", [ "$bb" ] ],
    [ "led2:A", "bb1:6t.a", "", [ "$bb" ] ],
    [ "led2:C", "bb1:5t.a", "", [ "$bb" ] ],
    [ "led3:A", "bb1:10t.a", "", [ "$bb" ] ],
    [ "led3:C", "bb1:9t.a", "", [ "$bb" ] ],
    [ "led5:A", "bb1:14t.a", "", [ "$bb" ] ],
    [ "led5:C", "bb1:13t.a", "", [ "$bb" ] ],
    [ "r1:1", "bb1:1t.b", "", [ "$bb" ] ],
    [ "r1:2", "bb1:1b.f", "", [ "$bb" ] ],
    [ "r2:1", "bb1:5t.b", "", [ "$bb" ] ],
    [ "r2:2", "bb1:5b.f", "", [ "$bb" ] ],
    [ "r3:1", "bb1:9t.b", "", [ "$bb" ] ],
    [ "r3:2", "bb1:9b.f", "", [ "$bb" ] ],
    [ "r5:1", "bb1:13t.b", "", [ "$bb" ] ],
    [ "r5:2", "bb1:13b.f", "", [ "$bb" ] ],
    [ "bb1:1b.g", "bb1:5b.g", "green", [ "v0" ] ],
    [ "bb1:5b.h", "bb1:9b.h", "green", [ "v0" ] ],
    [ "bb1:9b.i", "bb1:13b.i", "green", [ "v0" ] ],
    [ "uno:GND.1", "bb1:1b.j", "black", [ "v0" ] ],
    [ "uno:2", "bb1:2t.b", "green", [ "v0" ] ],
    [ "uno:3", "bb1:6t.b", "green", [ "v0" ] ],
    [ "uno:4", "bb1:10t.b", "green", [ "v0" ] ],
    [ "uno:5", "bb1:14t.b", "green", [ "v0" ] ]
  ],
  "dependencies": {}
}