{
  "version": 1,
  "author": "Anonymous maker",
  "editor": "wokwi",
  "parts": [
    { "type": "wokwi-breadboard-mini", "id": "bb1", "top": 37, "left": 333.6, "attrs": {} },
    { "type": "wokwi-arduino-uno", "id": "uno", "top": 0, "left": 0, "attrs": {} },
    { "type": "wokwi-led", "id": "led1", "top": 6, "left": 330.2, "attrs": { "color": "red" } },
    { "type": "wokwi-led", "id": "led2", "top": 6, "left": 349.4, "attrs": { "color": "red" } },
    { "type": "wokwi-led", "id": "led3", "top": 6, "left": 368.6, "attrs": { "color": "red" } },
    { "type": "wokwi-led", "id": "led4", "top": 6, "left": 387.8, "attrs": { "color": "red" } },
    { "type": "wokwi-led", "id": "led5", "top": 6, "left": 407, "attrs": { "color": "red" } },
    { "type": "wokwi-led", "id": "led6", "top": 6, "left": 426.2, "attrs": { "color": "red" } },
    { "type": "wokwi-led", "id": "led7", "top": 6, "left": 445.4, "attrs": { "color": "red" } },
    { "type": "wokwi-led", "id": "led8", "top": 6, "left": 464.6, "attrs": { "color": "red" } }
  ],
  "connections": [
    [ "led1:A", "bb1:2t.a", "", [ "$bb" ] ],
    [ "led1:C", "bb1:1t.a", "", [ "$bb" ] ],
    [ "led2:A", "bb1:4t.a", "", [ "$bb" ] ],
    [ "led2:C", "bb1:3t.a", "", [ "$bb" ] ],
    [ "led3:A", "bb1:6t.a", "", [ "$bb" ] ],
    [ "led3:C", "bb1:5t.a", "", [ "$bb" ] ],
    [ "led4:A", "bb1:8t.a", "", [ "$bb" ] ],
    [ "led4:C", "bb1:7t.a", "", [ "$bb" ] ],
    [ "led5:A", "bb1:10t.a", "", [ "$bb" ] ],
    [ "led5:C", "bb1:9t.a", "", [ "$bb" ] ],
    [ "led6:A", "bb1:12t.a", "", [ "$bb" ] ],
    [ "led6:C", "bb1:11t.a", "", [ "$bb" ] ],
    [ "led7:A", "bb1:14t.a", "", [ "$bb" ] ],
    [ "led7:C", "bb1:13t.a", "", [ "$bb" ] ],
    [ "led8:A", "bb1:16t.a", "", [ "$bb" ] ],
    [ "led8:C", "bb1:15t.a", "", [ "$bb" ] ],
    [ "bb1:1t.e", "bb1:1b.f", "green", [ "v0" ] ],
    [ "bb1:3t.e", "bb1:3b.f", "green", [ "v0" ] ],
    [ "bb1:5t.e", "bb1:5b.f", "green", [ "v0" ] ],
    [ "bb1:7t.e", "bb1:7b.f", "green", [ "v0" ] ],
    [ "bb1:9t.e", "bb1:9b.f", "green", [ "v0" ] ],
    [ "bb1:11t.e", "bb1:11b.f", "green", [ "v0" ] ],
    [ "bb1:13t.e", "bb1:13b.f", "green", [ "v0" ] ],
    [ "bb1:15t.e", "bb1:15b.f", "green", [ "v0" ] ],
    [ "bb1:17t.e", "bb1:17b.f", "green", [ "v0" ] ],
    [ "bb1:1b.g", "bb1:3b.g", "green", [ "v0" ] ],
    [ "bb1:3b.h", "bb1:5b.h", "green", [ "v0" ] ],
    [ "bb1:5b.i", "bb1:7b.i", "green", [ "v0" ] ],
    [ "bb1:7b.j", "bb1:9b.j", "green", [ "v0" ] ],
    [ "bb1:17b.g", "bb1:15b.g", "green", [ "v0" ] ],
    [ "bb1:15b.h", "bb1:13b.h", "green", [ "v0" ] ],
    [ "bb1:13b.i", "bb1:11b.i", "green", [ "v0" ] ],
    [ "bb1:11b.j", "bb1:6b.j", "green", [ "v0", "h-48" ] ],
    [ "uno:2", "bb1:2t.b", "green", [ "v0" ] ],
    [ "uno:3", "bb1:4t.b", "green", [ "v0" ] ],
    [ "uno:4", "bb1:6t.b", "green", [ "v0" ] ],
    [ "uno:5", "bb1:8t.b", "green", [ "v0" ] ],
    [ "uno:6", "bb1:10t.b", "green", [ "v0" ] ],
    [ "uno:7", "bb1:12t.b", "green", [ "v0" ] ],
    [ "uno:8", "bb1:14t.b", "green", [ "v0" ] ],
    [ "uno:9", "bb1:16t.b", "green", [ "v0" ] ],
    [ "uno:GND.1", "bb1:1b.j", "black", [ "v0" ] ],
    [ "bb1:6b.j", "bb1:5b.j", "green", [ "v0" ] ]
  ],
  "dependencies": {}
}