{
  "version": 1,
  "author": "Anonymous maker",
  "editor": "wokwi",
  "parts": [
    { "type": "wokwi-breadboard-mini", "id": "bb1", "top": 27.4, "left": -60, "attrs": {} },
    { "type": "wokwi-arduino-uno", "id": "uno", "top": 19.8, "left": 133.8, "attrs": {} },
    { "type": "wokwi-led", "id": "led1", "top": -3.6, "left": -63.4, "attrs": { "color": "red" } },
    { "type": "wokwi-led", "id": "led2", "top": -3.6, "left": -15.4, "attrs": { "color": "red" } },
    { "type": "wokwi-led", "id": "led3", "top": -3.6, "left": 32.6, "attrs": { "color": "red" } },
    { "type": "wokwi-led", "id": "led4", "top": -3.6, "left": 80.6, "attrs": { "color": "red" } }
  ],
  "connections": [
    [ "uno:GND.1", "bb1:16t.e", "black", [ "v0" ] ],
    [ "bb1:16t.d", "bb1:11t.d", "green", [ "v0" ] ],
    [ "bb1:11t.c", "bb1:6t.c", "green", [ "v0" ] ],
    [ "bb1:6t.b", "bb1:1t.b", "green", [ "v0" ] ],
    [ "bb1:17t.b", "uno:2", "green", [ "v0" ] ],
    [ "uno:3", "bb1:12t.c", "green", [ "v0" ] ],
    [ "uno:4", "bb1:7t.b", "green", [ "v0" ] ],
    [ "bb1:2t.b", "uno:5", "green", [ "v0" ] ],
    [ "led1:A", "bb1:2t.a", "", [ "$bb" ] ],
    [ "led1:C", "bb1:1t.a", "", [ "$bb" ] ],
    [ "led2:A", "bb1:7t.a", "", [ "$bb" ] ],
    [ "led2:C", "bb1:6t.a", "", [ "$bb" ] ],
    [ "led3:A", "bb1:12t.a", "", [ "$bb" ] ],
    [ "led3:C", "bb1:11t.a", "", [ "$bb" ] ],
    [ "led4:A", "bb1:17t.a", "", [ "$bb" ] ],
    [ "led4:C", "bb1:16t.a", "", [ "$bb" ] ]
  ],
  "dependencies": {}
}