{
  "version": 1,
  "author": "Anonymous maker",
  "editor": "wokwi",
  "parts": [
    { "type": "wokwi-breadboard-mini", "id": "bb1", "top": 8.2, "left": 304.8, "attrs": {} },
    { "type": "wokwi-arduino-uno", "id": "uno", "top": 0, "left": 0, "attrs": {} },
    {
      "type": "wokwi-led-bar-graph",
      "id": "bargraph1",
      "top": 24.2,
      "left": 369.8,
      "rotate": 270,
      "attrs": { "color": "lime" }
    },
    { "type": "wokwi-potentiometer", "id": "pot1", "top": -49.3, "left": 422.2, "attrs": {} }
  ],
  "connections": [
    [ "pot1:VCC", "uno:5V", "red", [ "v0" ] ],
    [ "pot1:GND", "uno:GND.2", "black", [ "v0" ] ],
    [ "pot1:SIG", "uno:A0", "green", [ "v0" ] ],
    [ "bb1:4t.d", "bb1:5t.d", "green", [ "v0" ] ],
    [ "bb1:5t.c", "bb1:6t.c", "green", [ "v0" ] ],
    [ "bb1:6t.b", "bb1:7t.b", "green", [ "v0" ] ],
    [ "bb1:7t.a", "bb1:8t.a", "green", [ "v0" ] ],
    [ "bb1:8t.b", "bb1:9t.b", "green", [ "v0" ] ],
    [ "bb1:9t.c", "bb1:10t.c", "green", [ "v0" ] ],
    [ "bb1:10t.d", "bb1:11t.d", "green", [ "v0" ] ],
    [ "bb1:11t.c", "bb1:12t.c", "green", [ "v0" ] ],
    [ "bb1:12t.b", "bb1:13t.b", "green", [ "v0" ] ],
    [ "bargraph1:A1", "bb1:4b.f", "", [ "$bb" ] ],
    [ "bargraph1:A2", "bb1:5b.f", "", [ "$bb" ] ],
    [ "bargraph1:A3", "bb1:6b.f", "", [ "$bb" ] ],
    [ "bargraph1:A4", "bb1:7b.f", "", [ "$bb" ] ],
    [ "bargraph1:A5", "bb1:8b.f", "", [ "$bb" ] ],
    [ "bargraph1:A6", "bb1:9b.f", "", [ "$bb" ] ],
    [ "bargraph1:A7", "bb1:10b.f", "", [ "$bb" ] ],
    [ "bargraph1:A8", "bb1:11b.f", "", [ "$bb" ] ],
    [ "bargraph1:A9", "bb1:12b.f", "", [ "$bb" ] ],
    [ "bargraph1:A10", "bb1:13b.f", "", [ "$bb" ] ],
    [ "bargraph1:C1", "bb1:4t.e", "", [ "$bb" ] ],
    [ "bargraph1:C2", "bb1:5t.e", "", [ "$bb" ] ],
    [ "bargraph1:C3", "bb1:6t.e", "", [ "$bb" ] ],
    [ "bargraph1:C4", "bb1:7t.e", "", [ "$bb" ] ],
    [ "bargraph1:C5", "bb1:8t.e", "", [ "$bb" ] ],
    [ "bargraph1:C6", "bb1:9t.e", "", [ "$bb" ] ],
    [ "bargraph1:C7", "bb1:10t.e", "", [ "$bb" ] ],
    [ "bargraph1:C8", "bb1:11t.e", "", [ "$bb" ] ],
    [ "bargraph1:C9", "bb1:12t.e", "", [ "$bb" ] ],
    [ "bargraph1:C10", "bb1:13t.e", "", [ "$bb" ] ],
    [ "bb1:13t.d", "uno:GND.1", "green", [ "v0" ] ],
    [ "bargraph1:A1", "uno:2", "green", [ "v0", "h-105.6" ] ],
    [ "bargraph1:A2", "uno:3", "green", [ "v0", "h-134.4" ] ],
    [ "bargraph1:A3", "uno:4", "green", [ "v0", "h-144" ] ],
    [ "bargraph1:A4", "uno:5", "green", [ "v0", "h-163.2" ] ],
    [ "bargraph1:A5", "uno:6", "green", [ "v0", "h-182.41" ] ],
    [ "bargraph1:A6", "uno:7", "green", [ "v0", "h-201.61" ] ],
    [ "bargraph1:A7", "uno:8", "green", [ "v0", "h-220.81" ] ],
    [ "bargraph1:A8", "uno:9", "green", [ "v0", "h-249.61" ] ],
    [ "bargraph1:A9", "uno:10", "green", [ "v0", "h-268.81" ] ],
    [ "bargraph1:A10", "uno:11", "green", [ "v0", "h-288.01" ] ],
    [ "pot1:GND", "bb1:15t.a", "", [ "$bb" ] ],
    [ "pot1:SIG", "bb1:16t.a", "", [ "$bb" ] ],
    [ "pot1:VCC", "bb1:17t.a", "", [ "$bb" ] ]
  ],
  "dependencies": {}
}